<?xml version="1.0" encoding="UTF-8"?>
<metadata xml:lang="en"><Esri><CreaDate>20200324</CreaDate><CreaTime>23410600</CreaTime><ArcGISFormat>1.0</ArcGISFormat><SyncOnce>TRUE</SyncOnce><RematchLocator>address_locator_1<Category Locator="Review">Address</Category><Description Locator="Review">Single Field</Description><MinimumMatchScore Locator="Review">80</MinimumMatchScore><MinimumCandidateScore Locator="Review">80</MinimumCandidateScore><SpellingSensitivity Locator="Review">80</SpellingSensitivity><MatchIfScoresTie Locator="Review">true</MatchIfScoresTie><WriteXYCoordFields Locator="Review">true</WriteXYCoordFields><WriteStandardizedAddressField Locator="Review">false</WriteStandardizedAddressField><WriteReferenceIDField Locator="Review">false</WriteReferenceIDField><WriteLocalizedFields Locator="Review">true</WriteLocalizedFields><WriteGlobalizedFields Locator="Review">false</WriteGlobalizedFields><WriteAdditionalOutputFields Locator="Review">false</WriteAdditionalOutputFields><WriteLocatorSpecificOutputFields Locator="Review">true</WriteLocatorSpecificOutputFields><WriteDisplayExtentFields Locator="Review">true</WriteDisplayExtentFields><WritePercentAlongField Locator="Review">false</WritePercentAlongField><OutColumns Locator="Review">Shape</OutColumns><OutColumns Locator="Review">Status</OutColumns><OutColumns Locator="Review">Score</OutColumns><OutColumns Locator="Review">Match_addr</OutColumns><OutColumns Locator="Review">X</OutColumns><OutColumns Locator="Review">Y</OutColumns><OutColumns Locator="Review">Xmin</OutColumns><OutColumns Locator="Review">Xmax</OutColumns><OutColumns Locator="Review">Ymin</OutColumns><OutColumns Locator="Review">Ymax</OutColumns><OutColumns Locator="Review">Addr_type</OutColumns><ShowElapsedTime Locator="Review">false</ShowElapsedTime><reportScorePerComponent Locator="Review">false</reportScorePerComponent><MaxCandidates Locator="Review">600</MaxCandidates><MaxPerfectCandidates Locator="Review">600</MaxPerfectCandidates><UseRelativePaths Locator="Review">true</UseRelativePaths><DefaultLanguage Locator="Review">en</DefaultLanguage><TransliteratedLanguageCode Locator="Review">xx</TransliteratedLanguageCode><UseRelationshipCache Locator="Review">true</UseRelationshipCache><SideOffset Locator="Review">0</SideOffset><SideOffsetUnits Locator="Review">ReferenceDataUnits</SideOffsetUnits><EndOffset Locator="Review">0</EndOffset><EndOffsetUnits Locator="Review">Percent</EndOffsetUnits><IntersectionConnectors Locator="Review">::</IntersectionConnectors><supportsEmptyHouseNumber Locator="Review">false</supportsEmptyHouseNumber><supportsOptionalZone Locator="Review">false</supportsOptionalZone><Interpolate.SideValue.Left Locator="Review">L</Interpolate.SideValue.Left><Interpolate.SideValue.Right Locator="Review">R</Interpolate.SideValue.Right><BatchPresortInputs Locator="Review">::</BatchPresortInputs><NumThreads Locator="Review">1</NumThreads><StorageSegmentSizeKB Locator="Review">128</StorageSegmentSizeKB><StoreStandardizedRefData Locator="Review">false</StoreStandardizedRefData><MaxSuggestCandidates Locator="Review">10</MaxSuggestCandidates><SupportsIndex64 Locator="Review">true</SupportsIndex64><CityLocationEnabled Locator="Review">false</CityLocationEnabled><GeneralLocationEnabled Locator="Review">true</GeneralLocationEnabled><GazetteerLocationEnabled Locator="Review">false</GazetteerLocationEnabled><RuntimeMemoryLimit Locator="Review">536870912</RuntimeMemoryLimit><SearchTimeout Locator="Review">1</SearchTimeout><CLSID Locator="Review">{DA70B7E3-10B2-42E3-BFF7-6C81355862BC}</CLSID><LocatorWorkspaceString Locator="Review">ProgID = esriDataSourcesFile.ShapefileWorkspaceFactory.1; Path = .</LocatorWorkspaceString><LocFileUseUTF8 Locator="Review">True</LocFileUseUTF8><RebuildStartTime Locator="Review">132295653277060000</RebuildStartTime><RebuildStartTimeAscii Locator="Review">11:15:27 PM</RebuildStartTimeAscii><SafeLocatorName Locator="Review">address_locator_1</SafeLocatorName><UICLSID Locator="Review">{AE5A3A0E-F756-11D2-9F4F-00C04F8ED1C4}</UICLSID><UseMultithreading Locator="Review">True</UseMultithreading><WriteDispXDispYFields Locator="Review">false</WriteDispXDispYFields><WriteLocatorSpecificFields Locator="Review">false</WriteLocatorSpecificFields><ParityBothValue Locator="Review">B</ParityBothValue><ParityEvenValue Locator="Review">E</ParityEvenValue><ParityOddValue Locator="Review">O</ParityOddValue><GeometryFromDisplayFields Locator="Review">false</GeometryFromDisplayFields><InTable Locator="Review">::</InTable><InKeyColumns Locator="Review">::</InKeyColumns><InColumns Locator="Review">ARC_Single</InColumns><OutTable Locator="Review">::</OutTable><OutKeyColumns Locator="Review">::</OutKeyColumns><BatchPresortCacheSize Locator="Review">50000</BatchPresortCacheSize></RematchLocator></Esri></metadata>
