"COL0","COL1"
"3520",2731571.00
"35200002",356.00
"35200003",335.00
"35200004",384.00
"35200005",408.00
"35200006",527.00
"35200007",653.00
"35200009",293.00
"35200010",274.00
"35200012",503.00
"35200013",59.00
"35200018",497.00
"35200028",1174.00
"35200029",378.00
"35200030",521.00
"35200031",1142.00
"35200032",692.00
"35200033",471.00
"35200034",791.00
"35200035",673.00
"35200036",273.00
"35200037",1283.00
"35200039",314.00
"35200041",902.00
"35200042",625.00
"35200043",572.00
"35200044",234.00
"35200046",774.00
"35200047",990.00
"35200048",1004.00
"35200049",809.00
"35200050",1031.00
"35200051",467.00
"35200052",389.00
"35200053",315.00
"35200054",369.00
"35200055",463.00
"35200056",301.00
"35200057",248.00
"35200058",275.00
"35200062",780.00
"35200064",660.00
"35200065",412.00
"35200066",483.00
"35200067",623.00
"35200068",499.00
"35200069",673.00
"35200070",556.00
"35200071",436.00
"35200072",366.00
"35200073",377.00
"35200074",382.00
"35200078",755.00
"35200079",1276.00
"35200080",454.00
"35200082",353.00
"35200085",357.00
"35200086",527.00
"35200087",629.00
"35200088",484.00
"35200089",596.00
"35200090",582.00
"35200091",524.00
"35200092",775.00
"35200093",618.00
"35200094",484.00
"35200095",541.00
"35200096",219.00
"35200097",269.00
"35200099",266.00
"35200100",368.00
"35200101",1123.00
"35200102",892.00
"35200103",281.00
"35200104",1058.00
"35200105",1274.00
"35200106",1389.00
"35200107",227.00
"35200108",496.00
"35200109",516.00
"35200110",609.00
"35200111",512.00
"35200112",960.00
"35200114",1081.00
"35200115",854.00
"35200116",529.00
"35200117",881.00
"35200118",585.00
"35200119",302.00
"35200120",1031.00
"35200121",510.00
"35200123",1004.00
"35200124",848.00
"35200125",645.00
"35200126",501.00
"35200127",820.00
"35200128",727.00
"35200133",1134.00
"35200134",727.00
"35200135",486.00
"35200136",465.00
"35200137",609.00
"35200138",271.00
"35200139",371.00
"35200140",372.00
"35200141",561.00
"35200142",436.00
"35200143",803.00
"35200144",588.00
"35200145",538.00
"35200146",532.00
"35200147",495.00
"35200148",407.00
"35200149",374.00
"35200150",1353.00
"35200161",669.00
"35200162",701.00
"35200163",680.00
"35200164",226.00
"35200165",507.00
"35200166",844.00
"35200167",1332.00
"35200173",392.00
"35200174",616.00
"35200175",674.00
"35200176",404.00
"35200177",418.00
"35200178",562.00
"35200179",598.00
"35200180",585.00
"35200181",352.00
"35200182",397.00
"35200183",508.00
"35200186",627.00
"35200187",465.00
"35200188",873.00
"35200189",467.00
"35200190",380.00
"35200193",407.00
"35200196",537.00
"35200197",405.00
"35200198",450.00
"35200199",715.00
"35200200",503.00
"35200201",563.00
"35200202",564.00
"35200203",600.00
"35200204",660.00
"35200205",499.00
"35200206",498.00
"35200207",238.00
"35200208",451.00
"35200209",415.00
"35200210",525.00
"35200211",428.00
"35200212",408.00
"35200213",565.00
"35200214",633.00
"35200215",400.00
"35200216",677.00
"35200217",412.00
"35200218",584.00
"35200219",485.00
"35200220",434.00
"35200221",3987.00
"35200222",843.00
"35200223",420.00
"35200224",801.00
"35200232",668.00
"35200233",385.00
"35200234",458.00
"35200235",403.00
"35200236",394.00
"35200237",365.00
"35200238",352.00
"35200239",299.00
"35200242",439.00
"35200243",423.00
"35200244",401.00
"35200245",734.00
"35200246",421.00
"35200249",492.00
"35200250",446.00
"35200251",282.00
"35200252",561.00
"35200253",713.00
"35200254",795.00
"35200255",529.00
"35200256",635.00
"35200260",456.00
"35200261",543.00
"35200262",525.00
"35200263",347.00
"35200264",503.00
"35200265",476.00
"35200266",604.00
"35200267",1136.00
"35200268",558.00
"35200269",698.00
"35200271",1705.00
"35200272",2502.00
"35200273",3292.00
"35200275",439.00
"35200278",392.00
"35200279",572.00
"35200280",961.00
"35200281",529.00
"35200284",912.00
"35200288",429.00
"35200289",618.00
"35200290",528.00
"35200291",582.00
"35200292",951.00
"35200293",2150.00
"35200294",470.00
"35200297",401.00
"35200298",1094.00
"35200300",1232.00
"35200301",404.00
"35200302",918.00
"35200303",250.00
"35200304",683.00
"35200305",622.00
"35200306",630.00
"35200307",289.00
"35200308",564.00
"35200309",635.00
"35200310",606.00
"35200313",0.00
"35200315",996.00
"35200316",1542.00
"35200317",465.00
"35200318",396.00
"35200319",496.00
"35200320",926.00
"35200321",720.00
"35200322",374.00
"35200323",1148.00
"35200324",875.00
"35200325",309.00
"35200326",593.00
"35200327",318.00
"35200328",385.00
"35200329",378.00
"35200330",461.00
"35200331",377.00
"35200332",457.00
"35200333",458.00
"35200334",460.00
"35200335",481.00
"35200336",473.00
"35200337",482.00
"35200338",464.00
"35200339",658.00
"35200352",1361.00
"35200355",540.00
"35200357",518.00
"35200358",570.00
"35200359",503.00
"35200360",483.00
"35200361",386.00
"35200362",555.00
"35200363",517.00
"35200364",1594.00
"35200366",695.00
"35200368",348.00
"35200370",481.00
"35200371",565.00
"35200372",379.00
"35200373",322.00
"35200374",606.00
"35200375",327.00
"35200376",542.00
"35200377",497.00
"35200378",304.00
"35200379",558.00
"35200380",596.00
"35200381",1089.00
"35200382",924.00
"35200383",570.00
"35200384",527.00
"35200385",330.00
"35200386",805.00
"35200387",441.00
"35200388",761.00
"35200389",961.00
"35200391",369.00
"35200392",392.00
"35200393",890.00
"35200394",580.00
"35200395",480.00
"35200396",467.00
"35200397",914.00
"35200400",304.00
"35200401",449.00
"35200402",465.00
"35200404",470.00
"35200405",462.00
"35200406",389.00
"35200407",417.00
"35200408",517.00
"35200409",345.00
"35200410",1029.00
"35200411",753.00
"35200412",1675.00
"35200413",759.00
"35200414",1168.00
"35200415",527.00
"35200416",498.00
"35200417",1103.00
"35200418",1059.00
"35200420",794.00
"35200421",349.00
"35200422",539.00
"35200423",576.00
"35200426",474.00
"35200427",526.00
"35200428",470.00
"35200429",530.00
"35200430",621.00
"35200431",622.00
"35200432",377.00
"35200433",435.00
"35200434",461.00
"35200435",406.00
"35200436",647.00
"35200437",420.00
"35200438",582.00
"35200439",396.00
"35200440",500.00
"35200442",517.00
"35200443",521.00
"35200444",588.00
"35200445",384.00
"35200449",473.00
"35200450",422.00
"35200451",332.00
"35200452",626.00
"35200453",670.00
"35200454",724.00
"35200455",407.00
"35200456",835.00
"35200459",328.00
"35200460",525.00
"35200463",548.00
"35200464",659.00
"35200465",663.00
"35200466",504.00
"35200467",652.00
"35200468",581.00
"35200469",485.00
"35200470",575.00
"35200471",1368.00
"35200472",636.00
"35200475",532.00
"35200478",502.00
"35200479",537.00
"35200480",400.00
"35200481",401.00
"35200482",426.00
"35200483",451.00
"35200484",748.00
"35200488",383.00
"35200489",358.00
"35200490",350.00
"35200491",474.00
"35200492",282.00
"35200493",314.00
"35200494",379.00
"35200495",478.00
"35200497",951.00
"35200498",518.00
"35200499",934.00
"35200505",443.00
"35200506",396.00
"35200510",425.00
"35200511",461.00
"35200512",409.00
"35200513",413.00
"35200514",473.00
"35200515",476.00
"35200516",449.00
"35200517",521.00
"35200518",495.00
"35200519",410.00
"35200520",555.00
"35200521",579.00
"35200522",567.00
"35200523",574.00
"35200524",507.00
"35200525",446.00
"35200529",786.00
"35200531",685.00
"35200532",439.00
"35200533",264.00
"35200534",525.00
"35200535",440.00
"35200536",998.00
"35200538",2241.00
"35200539",1004.00
"35200540",496.00
"35200541",1192.00
"35200542",502.00
"35200545",257.00
"35200561",782.00
"35200562",521.00
"35200563",480.00
"35200564",584.00
"35200565",528.00
"35200566",529.00
"35200567",578.00
"35200568",497.00
"35200569",600.00
"35200570",473.00
"35200571",576.00
"35200572",575.00
"35200573",528.00
"35200574",438.00
"35200575",562.00
"35200576",740.00
"35200577",563.00
"35200578",358.00
"35200579",730.00
"35200580",497.00
"35200581",375.00
"35200582",806.00
"35200583",799.00
"35200584",498.00
"35200585",449.00
"35200586",569.00
"35200587",721.00
"35200588",759.00
"35200589",639.00
"35200590",500.00
"35200591",578.00
"35200593",740.00
"35200594",516.00
"35200595",467.00
"35200596",615.00
"35200597",370.00
"35200598",403.00
"35200599",547.00
"35200600",434.00
"35200601",415.00
"35200602",456.00
"35200603",685.00
"35200604",581.00
"35200605",700.00
"35200606",420.00
"35200610",320.00
"35200611",526.00
"35200612",639.00
"35200639",1939.00
"35200640",566.00
"35200641",1015.00
"35200642",426.00
"35200643",510.00
"35200644",478.00
"35200645",474.00
"35200646",435.00
"35200647",458.00
"35200648",512.00
"35200649",530.00
"35200650",742.00
"35200651",715.00
"35200652",608.00
"35200653",428.00
"35200654",1917.00
"35200655",529.00
"35200656",419.00
"35200657",875.00
"35200658",552.00
"35200659",417.00
"35200660",752.00
"35200661",711.00
"35200662",778.00
"35200663",289.00
"35200664",731.00
"35200665",847.00
"35200666",754.00
"35200667",472.00
"35200668",325.00
"35200669",368.00
"35200670",525.00
"35200671",418.00
"35200672",301.00
"35200673",608.00
"35200674",945.00
"35200675",583.00
"35200676",631.00
"35200677",516.00
"35200678",689.00
"35200679",553.00
"35200680",849.00
"35200681",564.00
"35200682",434.00
"35200683",814.00
"35200686",1014.00
"35200687",491.00
"35200688",451.00
"35200689",372.00
"35200690",409.00
"35200691",282.00
"35200692",320.00
"35200693",475.00
"35200694",577.00
"35200695",601.00
"35200696",321.00
"35200697",522.00
"35200698",303.00
"35200699",421.00
"35200700",302.00
"35200701",488.00
"35200702",577.00
"35200703",631.00
"35200704",523.00
"35200705",969.00
"35200706",450.00
"35200707",394.00
"35200708",504.00
"35200709",526.00
"35200710",511.00
"35200711",464.00
"35200712",749.00
"35200713",447.00
"35200714",409.00
"35200715",419.00
"35200716",343.00
"35200717",471.00
"35200718",1410.00
"35200719",961.00
"35200720",562.00
"35200724",623.00
"35200725",638.00
"35200726",412.00
"35200727",508.00
"35200728",1060.00
"35200729",364.00
"35200730",339.00
"35200731",463.00
"35200732",601.00
"35200733",542.00
"35200734",365.00
"35200735",440.00
"35200736",370.00
"35200737",406.00
"35200738",451.00
"35200739",601.00
"35200740",521.00
"35200741",635.00
"35200744",893.00
"35200745",635.00
"35200746",976.00
"35200747",546.00
"35200748",569.00
"35200749",504.00
"35200750",494.00
"35200751",548.00
"35200752",386.00
"35200753",640.00
"35200754",726.00
"35200755",446.00
"35200756",840.00
"35200757",684.00
"35200768",397.00
"35200769",448.00
"35200770",729.00
"35200771",910.00
"35200772",849.00
"35200774",454.00
"35200782",2267.00
"35200783",520.00
"35200791",430.00
"35200792",702.00
"35200794",544.00
"35200795",448.00
"35200796",479.00
"35200797",428.00
"35200798",439.00
"35200801",1873.00
"35200802",655.00
"35200803",546.00
"35200804",5.00
"35200805",1703.00
"35200806",507.00
"35200807",197.00
"35200808",417.00
"35200809",258.00
"35200810",466.00
"35200811",981.00
"35200812",508.00
"35200813",328.00
"35200814",1089.00
"35200815",657.00
"35200821",637.00
"35200822",907.00
"35200826",1096.00
"35200827",415.00
"35200828",558.00
"35200829",0.00
"35200830",1252.00
"35200831",590.00
"35200832",646.00
"35200833",806.00
"35200855",1242.00
"35200859",323.00
"35200860",766.00
"35200861",526.00
"35200862",402.00
"35200863",411.00
"35200864",406.00
"35200865",687.00
"35200866",436.00
"35200867",928.00
"35200868",409.00
"35200869",663.00
"35200870",1887.00
"35200876",436.00
"35200877",416.00
"35200878",652.00
"35200879",468.00
"35200880",505.00
"35200881",408.00
"35200882",353.00
"35200883",450.00
"35200884",519.00
"35200885",523.00
"35200886",757.00
"35200887",585.00
"35200888",737.00
"35200889",661.00
"35200890",588.00
"35200891",332.00
"35200892",631.00
"35200893",290.00
"35200894",518.00
"35200895",551.00
"35200896",354.00
"35200897",632.00
"35200898",562.00
"35200899",427.00
"35200900",491.00
"35200901",403.00
"35200902",674.00
"35200903",400.00
"35200905",511.00
"35200906",1231.00
"35200907",430.00
"35200908",483.00
"35200909",665.00
"35200910",596.00
"35200911",375.00
"35200912",363.00
"35200913",658.00
"35200914",574.00
"35200915",726.00
"35200916",561.00
"35200917",355.00
"35200918",233.00
"35200919",383.00
"35200920",636.00
"35200921",532.00
"35200922",522.00
"35200923",341.00
"35200924",322.00
"35200925",374.00
"35200926",370.00
"35200927",399.00
"35200928",367.00
"35200929",373.00
"35200930",460.00
"35200931",382.00
"35200932",408.00
"35200933",373.00
"35200934",574.00
"35200935",377.00
"35200936",316.00
"35200937",399.00
"35200938",323.00
"35200939",402.00
"35200940",285.00
"35200941",358.00
"35200942",596.00
"35200943",242.00
"35200944",457.00
"35200945",507.00
"35200946",456.00
"35200949",564.00
"35200950",495.00
"35200951",611.00
"35200952",1481.00
"35200953",226.00
"35200954",374.00
"35200955",1359.00
"35200956",399.00
"35200957",1193.00
"35200958",779.00
"35200959",653.00
"35200960",380.00
"35200961",427.00
"35200962",515.00
"35200963",421.00
"35200965",384.00
"35200966",417.00
"35200967",657.00
"35200968",721.00
"35200969",486.00
"35200974",777.00
"35200975",424.00
"35200976",844.00
"35200977",581.00
"35200979",525.00
"35200981",467.00
"35200983",342.00
"35200985",427.00
"35200986",512.00
"35200987",538.00
"35200988",603.00
"35200989",640.00
"35200990",520.00
"35200991",428.00
"35200992",398.00
"35200993",280.00
"35200994",500.00
"35200995",301.00
"35200996",300.00
"35200997",689.00
"35200998",422.00
"35200999",547.00
"35201000",720.00
"35201001",571.00
"35201002",625.00
"35201003",580.00
"35201004",391.00
"35201005",546.00
"35201006",580.00
"35201007",369.00
"35201008",394.00
"35201009",414.00
"35201010",725.00
"35201011",320.00
"35201012",394.00
"35201013",338.00
"35201014",613.00
"35201015",700.00
"35201016",563.00
"35201017",405.00
"35201018",424.00
"35201019",468.00
"35201020",520.00
"35201023",684.00
"35201024",579.00
"35201025",594.00
"35201026",454.00
"35201027",688.00
"35201028",517.00
"35201029",894.00
"35201030",463.00
"35201031",772.00
"35201032",556.00
"35201033",698.00
"35201034",340.00
"35201035",650.00
"35201036",560.00
"35201038",629.00
"35201039",1281.00
"35201040",534.00
"35201041",840.00
"35201044",568.00
"35201045",426.00
"35201046",565.00
"35201047",585.00
"35201048",609.00
"35201049",787.00
"35201050",316.00
"35201051",667.00
"35201052",546.00
"35201053",474.00
"35201054",665.00
"35201055",912.00
"35201056",490.00
"35201057",679.00
"35201058",513.00
"35201059",519.00
"35201060",391.00
"35201061",531.00
"35201062",299.00
"35201063",779.00
"35201064",640.00
"35201065",602.00
"35201066",615.00
"35201067",421.00
"35201068",768.00
"35201069",477.00
"35201070",369.00
"35201071",501.00
"35201072",582.00
"35201073",656.00
"35201076",598.00
"35201077",446.00
"35201078",938.00
"35201079",564.00
"35201080",452.00
"35201081",389.00
"35201104",467.00
"35201105",416.00
"35201106",561.00
"35201107",814.00
"35201109",616.00
"35201110",827.00
"35201111",527.00
"35201112",464.00
"35201113",493.00
"35201114",540.00
"35201122",286.00
"35201123",348.00
"35201124",438.00
"35201125",416.00
"35201126",333.00
"35201127",576.00
"35201128",417.00
"35201129",576.00
"35201130",363.00
"35201131",666.00
"35201132",721.00
"35201133",523.00
"35201134",521.00
"35201139",688.00
"35201140",439.00
"35201141",544.00
"35201142",521.00
"35201143",548.00
"35201144",283.00
"35201145",627.00
"35201146",341.00
"35201147",404.00
"35201148",430.00
"35201149",310.00
"35201150",354.00
"35201151",326.00
"35201152",397.00
"35201153",504.00
"35201154",546.00
"35201155",413.00
"35201156",482.00
"35201157",367.00
"35201158",856.00
"35201159",730.00
"35201160",374.00
"35201161",263.00
"35201162",632.00
"35201163",242.00
"35201164",410.00
"35201165",599.00
"35201166",420.00
"35201167",844.00
"35201168",497.00
"35201169",431.00
"35201170",506.00
"35201171",381.00
"35201172",516.00
"35201173",404.00
"35201174",473.00
"35201175",516.00
"35201176",436.00
"35201177",463.00
"35201178",468.00
"35201179",517.00
"35201180",524.00
"35201181",439.00
"35201182",684.00
"35201185",535.00
"35201186",646.00
"35201187",330.00
"35201188",629.00
"35201191",325.00
"35201192",404.00
"35201193",477.00
"35201194",347.00
"35201195",404.00
"35201196",912.00
"35201197",315.00
"35201198",977.00
"35201199",546.00
"35201200",607.00
"35201201",486.00
"35201202",433.00
"35201203",772.00
"35201204",466.00
"35201205",643.00
"35201206",618.00
"35201209",258.00
"35201210",289.00
"35201211",475.00
"35201212",497.00
"35201213",416.00
"35201214",248.00
"35201215",656.00
"35201216",549.00
"35201217",653.00
"35201219",974.00
"35201222",365.00
"35201228",375.00
"35201240",343.00
"35201241",616.00
"35201242",684.00
"35201243",402.00
"35201244",265.00
"35201249",524.00
"35201250",812.00
"35201251",950.00
"35201252",338.00
"35201253",502.00
"35201254",475.00
"35201255",379.00
"35201256",391.00
"35201257",294.00
"35201259",446.00
"35201263",367.00
"35201264",786.00
"35201267",482.00
"35201278",509.00
"35201279",489.00
"35201280",484.00
"35201281",478.00
"35201282",559.00
"35201283",410.00
"35201284",382.00
"35201285",528.00
"35201286",205.00
"35201287",409.00
"35201288",569.00
"35201289",370.00
"35201290",388.00
"35201291",689.00
"35201292",551.00
"35201293",513.00
"35201294",511.00
"35201295",578.00
"35201297",897.00
"35201298",967.00
"35201312",1109.00
"35201313",466.00
"35201314",535.00
"35201315",601.00
"35201316",626.00
"35201317",442.00
"35201318",513.00
"35201319",543.00
"35201320",698.00
"35201321",533.00
"35201322",594.00
"35201323",443.00
"35201324",377.00
"35201325",409.00
"35201326",672.00
"35201327",623.00
"35201328",301.00
"35201329",361.00
"35201331",440.00
"35201332",796.00
"35201333",373.00
"35201334",984.00
"35201337",587.00
"35201338",506.00
"35201339",370.00
"35201347",531.00
"35201348",539.00
"35201349",494.00
"35201350",732.00
"35201351",445.00
"35201352",413.00
"35201353",419.00
"35201354",433.00
"35201355",466.00
"35201356",372.00
"35201357",958.00
"35201358",677.00
"35201359",408.00
"35201360",667.00
"35201361",723.00
"35201362",1905.00
"35201363",391.00
"35201364",496.00
"35201365",796.00
"35201368",349.00
"35201369",646.00
"35201370",377.00
"35201371",393.00
"35201372",464.00
"35201373",397.00
"35201374",671.00
"35201375",610.00
"35201376",715.00
"35201377",336.00
"35201378",474.00
"35201379",508.00
"35201380",485.00
"35201381",428.00
"35201383",420.00
"35201384",379.00
"35201387",641.00
"35201388",623.00
"35201389",1012.00
"35201390",535.00
"35201391",331.00
"35201393",560.00
"35201394",539.00
"35201395",489.00
"35201396",1260.00
"35201397",491.00
"35201398",431.00
"35201399",456.00
"35201400",283.00
"35201401",1891.00
"35201402",419.00
"35201403",268.00
"35201404",408.00
"35201405",464.00
"35201406",571.00
"35201407",703.00
"35201408",513.00
"35201409",399.00
"35201410",401.00
"35201411",489.00
"35201412",329.00
"35201413",476.00
"35201414",489.00
"35201415",414.00
"35201416",470.00
"35201417",362.00
"35201418",425.00
"35201419",500.00
"35201420",468.00
"35201421",352.00
"35201422",581.00
"35201423",353.00
"35201426",437.00
"35201427",482.00
"35201428",649.00
"35201429",528.00
"35201430",436.00
"35201431",364.00
"35201432",504.00
"35201433",666.00
"35201434",552.00
"35201435",401.00
"35201436",556.00
"35201437",528.00
"35201438",530.00
"35201439",551.00
"35201440",502.00
"35201441",480.00
"35201442",738.00
"35201443",388.00
"35201444",403.00
"35201445",368.00
"35201446",238.00
"35201447",384.00
"35201448",503.00
"35201449",400.00
"35201450",593.00
"35201451",359.00
"35201452",1045.00
"35201453",3777.00
"35201459",389.00
"35201460",630.00
"35201461",0.00
"35201463",1196.00
"35201464",778.00
"35201466",749.00
"35201467",612.00
"35201468",683.00
"35201469",2280.00
"35201471",735.00
"35201477",419.00
"35201478",428.00
"35201479",420.00
"35201480",434.00
"35201481",401.00
"35201482",552.00
"35201483",525.00
"35201485",549.00
"35201486",432.00
"35201487",793.00
"35201488",631.00
"35201489",457.00
"35201490",472.00
"35201491",537.00
"35201492",523.00
"35201493",706.00
"35201494",708.00
"35201495",872.00
"35201496",1434.00
"35201497",497.00
"35201498",431.00
"35201499",478.00
"35201500",582.00
"35201501",745.00
"35201502",626.00
"35201503",560.00
"35201504",487.00
"35201505",544.00
"35201506",671.00
"35201507",808.00
"35201508",740.00
"35201509",568.00
"35201510",536.00
"35201511",603.00
"35201512",603.00
"35201513",610.00
"35201514",723.00
"35201515",611.00
"35201516",658.00
"35201517",538.00
"35201518",493.00
"35201519",1107.00
"35201520",617.00
"35201521",593.00
"35201522",513.00
"35201523",397.00
"35201524",525.00
"35201525",473.00
"35201526",1549.00
"35201532",456.00
"35201541",637.00
"35201542",553.00
"35201543",513.00
"35201544",464.00
"35201545",587.00
"35201547",641.00
"35201548",457.00
"35201552",536.00
"35201553",563.00
"35201554",548.00
"35201555",605.00
"35201556",661.00
"35201557",499.00
"35201558",597.00
"35201559",590.00
"35201560",437.00
"35201563",353.00
"35201564",422.00
"35201565",464.00
"35201566",445.00
"35201567",507.00
"35201568",527.00
"35201569",437.00
"35201570",354.00
"35201571",476.00
"35201572",464.00
"35201573",1170.00
"35201574",448.00
"35201575",670.00
"35201576",396.00
"35201577",447.00
"35201578",394.00
"35201579",1078.00
"35201580",357.00
"35201581",731.00
"35201582",366.00
"35201583",738.00
"35201584",493.00
"35201585",473.00
"35201586",438.00
"35201587",498.00
"35201588",608.00
"35201589",689.00
"35201590",571.00
"35201591",620.00
"35201592",410.00
"35201593",370.00
"35201594",420.00
"35201595",487.00
"35201596",712.00
"35201597",617.00
"35201598",393.00
"35201599",536.00
"35201600",537.00
"35201601",709.00
"35201602",388.00
"35201603",459.00
"35201604",501.00
"35201605",387.00
"35201607",832.00
"35201608",443.00
"35201609",351.00
"35201610",1313.00
"35201611",458.00
"35201612",382.00
"35201613",398.00
"35201614",655.00
"35201615",468.00
"35201616",549.00
"35201617",1018.00
"35201620",800.00
"35201621",298.00
"35201622",456.00
"35201623",1338.00
"35201624",430.00
"35201625",575.00
"35201626",327.00
"35201627",379.00
"35201629",316.00
"35201630",443.00
"35201631",743.00
"35201632",334.00
"35201634",350.00
"35201635",409.00
"35201636",383.00
"35201641",1710.00
"35201647",596.00
"35201648",524.00
"35201649",521.00
"35201650",391.00
"35201652",543.00
"35201653",428.00
"35201654",470.00
"35201656",422.00
"35201657",471.00
"35201658",482.00
"35201659",525.00
"35201660",493.00
"35201661",671.00
"35201662",517.00
"35201663",3539.00
"35201664",1713.00
"35201665",659.00
"35201666",490.00
"35201667",861.00
"35201670",494.00
"35201672",534.00
"35201673",406.00
"35201674",749.00
"35201675",729.00
"35201676",787.00
"35201690",950.00
"35201691",566.00
"35201692",944.00
"35201693",1033.00
"35201694",669.00
"35201695",532.00
"35201696",1476.00
"35201697",476.00
"35201698",583.00
"35201699",497.00
"35201700",708.00
"35201701",561.00
"35201702",521.00
"35201703",609.00
"35201704",437.00
"35201705",505.00
"35201706",471.00
"35201707",490.00
"35201708",546.00
"35201709",306.00
"35201710",436.00
"35201711",463.00
"35201712",370.00
"35201713",442.00
"35201714",1299.00
"35201717",571.00
"35201718",503.00
"35201719",512.00
"35201720",588.00
"35201721",412.00
"35201722",1032.00
"35201723",428.00
"35201724",394.00
"35201725",861.00
"35201726",423.00
"35201728",1283.00
"35201730",415.00
"35201731",466.00
"35201732",696.00
"35201734",493.00
"35201735",484.00
"35201736",1685.00
"35201737",650.00
"35201738",472.00
"35201739",459.00
"35201740",568.00
"35201741",489.00
"35201744",1856.00
"35201748",1352.00
"35201749",412.00
"35201750",465.00
"35201751",299.00
"35201752",267.00
"35201753",254.00
"35201754",303.00
"35201755",526.00
"35201756",676.00
"35201757",385.00
"35201758",540.00
"35201759",714.00
"35201760",442.00
"35201761",515.00
"35201762",836.00
"35201779",2723.00
"35201781",404.00
"35201782",231.00
"35201783",388.00
"35201784",888.00
"35201785",617.00
"35201786",435.00
"35201787",498.00
"35201788",415.00
"35201789",984.00
"35201790",373.00
"35201791",704.00
"35201792",383.00
"35201793",285.00
"35201802",433.00
"35201803",343.00
"35201804",446.00
"35201805",664.00
"35201806",528.00
"35201807",625.00
"35201816",444.00
"35201817",444.00
"35201818",493.00
"35201819",400.00
"35201820",524.00
"35201821",2894.00
"35201822",944.00
"35201823",422.00
"35201824",445.00
"35201825",705.00
"35201826",300.00
"35201827",434.00
"35201828",446.00
"35201829",469.00
"35201830",451.00
"35201831",330.00
"35201832",290.00
"35201833",461.00
"35201834",444.00
"35201835",1263.00
"35201838",575.00
"35201839",459.00
"35201840",574.00
"35201841",664.00
"35201842",599.00
"35201843",487.00
"35201844",544.00
"35201845",444.00
"35201846",648.00
"35201847",421.00
"35201848",387.00
"35201849",738.00
"35201850",453.00
"35201851",1144.00
"35201852",339.00
"35201853",716.00
"35201854",1799.00
"35201855",374.00
"35201856",1267.00
"35201857",1119.00
"35201858",517.00
"35201859",542.00
"35201860",654.00
"35201861",426.00
"35201862",624.00
"35201863",928.00
"35201864",622.00
"35201868",764.00
"35201869",421.00
"35201872",629.00
"35201874",1089.00
"35201875",1309.00
"35201876",1739.00
"35201877",258.00
"35201879",380.00
"35201880",546.00
"35201881",585.00
"35201882",509.00
"35201883",710.00
"35201884",450.00
"35201885",516.00
"35201886",555.00
"35201887",403.00
"35201888",890.00
"35201889",640.00
"35201890",892.00
"35201892",1035.00
"35201893",468.00
"35201894",638.00
"35201895",421.00
"35201896",370.00
"35201900",464.00
"35201901",421.00
"35201902",510.00
"35201903",1402.00
"35201904",609.00
"35201905",440.00
"35201906",359.00
"35201907",455.00
"35201908",515.00
"35201909",379.00
"35201912",482.00
"35201913",432.00
"35201914",251.00
"35201915",379.00
"35201916",532.00
"35201917",440.00
"35201919",453.00
"35201920",1295.00
"35201935",466.00
"35201936",463.00
"35201937",499.00
"35201938",878.00
"35201939",473.00
"35201940",406.00
"35201950",502.00
"35201951",610.00
"35201952",443.00
"35201953",536.00
"35201955",505.00
"35201958",601.00
"35201959",692.00
"35201960",1027.00
"35201961",896.00
"35201962",553.00
"35201963",448.00
"35201964",466.00
"35201965",614.00
"35201966",572.00
"35201967",260.00
"35201968",388.00
"35201969",320.00
"35201970",455.00
"35201971",451.00
"35201972",1362.00
"35201973",756.00
"35201976",660.00
"35201977",1441.00
"35201979",531.00
"35201983",318.00
"35201984",627.00
"35201985",274.00
"35201986",390.00
"35201987",835.00
"35201988",303.00
"35201989",485.00
"35201992",376.00
"35201993",789.00
"35201996",463.00
"35201997",508.00
"35201998",504.00
"35201999",805.00
"35202000",550.00
"35202001",1420.00
"35202002",617.00
"35202003",1125.00
"35202004",815.00
"35202005",386.00
"35202006",357.00
"35202007",553.00
"35202013",1605.00
"35202016",988.00
"35202017",3488.00
"35202018",1354.00
"35202019",507.00
"35202020",401.00
"35202021",717.00
"35202022",420.00
"35202023",1465.00
"35202024",872.00
"35202025",651.00
"35202026",484.00
"35202027",375.00
"35202028",269.00
"35202029",1101.00
"35202030",923.00
"35202031",846.00
"35202035",621.00
"35202036",1100.00
"35202037",339.00
"35202040",632.00
"35202042",1142.00
"35202045",433.00
"35202046",1000.00
"35202047",302.00
"35202048",370.00
"35202049",441.00
"35202050",1370.00
"35202051",793.00
"35202055",1281.00
"35202056",1051.00
"35202057",1172.00
"35202058",965.00
"35202059",722.00
"35202065",2078.00
"35202066",943.00
"35202067",258.00
"35202071",1099.00
"35202072",416.00
"35202075",539.00
"35202078",256.00
"35202079",301.00
"35202080",499.00
"35202084",402.00
"35202085",1212.00
"35202086",1349.00
"35202087",719.00
"35202088",747.00
"35202089",553.00
"35202090",459.00
"35202091",551.00
"35202094",407.00
"35202096",989.00
"35202097",465.00
"35202098",1652.00
"35202100",391.00
"35202101",385.00
"35202102",611.00
"35202103",528.00
"35202104",525.00
"35202105",398.00
"35202106",571.00
"35202107",339.00
"35202108",1314.00
"35202109",991.00
"35202110",791.00
"35202111",538.00
"35202112",637.00
"35202113",585.00
"35202114",446.00
"35202115",510.00
"35202116",498.00
"35202117",646.00
"35202118",532.00
"35202119",932.00
"35202120",990.00
"35202121",568.00
"35202122",610.00
"35202123",625.00
"35202124",538.00
"35202125",763.00
"35202126",710.00
"35202127",548.00
"35202128",681.00
"35202129",538.00
"35202130",519.00
"35202131",844.00
"35202132",1661.00
"35202133",776.00
"35202134",728.00
"35202135",1132.00
"35202136",824.00
"35202137",564.00
"35202138",426.00
"35202139",540.00
"35202140",1766.00
"35202141",451.00
"35202145",735.00
"35202147",728.00
"35202149",625.00
"35202150",465.00
"35202151",521.00
"35202152",2125.00
"35202153",506.00
"35202154",589.00
"35202155",571.00
"35202156",584.00
"35202157",397.00
"35202158",449.00
"35202159",64.00
"35202160",464.00
"35202161",884.00
"35202162",694.00
"35202163",638.00
"35202164",638.00
"35202165",929.00
"35202166",466.00
"35202167",463.00
"35202168",436.00
"35202169",492.00
"35202170",455.00
"35202171",336.00
"35202172",836.00
"35202173",816.00
"35202174",296.00
"35202175",379.00
"35202176",390.00
"35202177",585.00
"35202178",665.00
"35202179",560.00
"35202180",1073.00
"35202181",686.00
"35202183",523.00
"35202184",881.00
"35202185",192.00
"35202186",433.00
"35202187",498.00
"35202188",292.00
"35202189",452.00
"35202210",375.00
"35202211",289.00
"35202212",551.00
"35202213",560.00
"35202214",433.00
"35202215",510.00
"35202216",415.00
"35202217",409.00
"35202218",443.00
"35202222",611.00
"35202223",599.00
"35202224",307.00
"35202225",406.00
"35202226",464.00
"35202227",501.00
"35202228",508.00
"35202229",449.00
"35202230",388.00
"35202231",394.00
"35202232",559.00
"35202233",478.00
"35202234",625.00
"35202235",496.00
"35202236",479.00
"35202237",593.00
"35202238",496.00
"35202239",492.00
"35202240",561.00
"35202241",877.00
"35202242",564.00
"35202243",641.00
"35202244",504.00
"35202245",697.00
"35202246",396.00
"35202247",463.00
"35202248",449.00
"35202249",317.00
"35202251",467.00
"35202252",355.00
"35202254",460.00
"35202255",490.00
"35202256",514.00
"35202257",576.00
"35202258",492.00
"35202261",520.00
"35202262",739.00
"35202263",649.00
"35202264",686.00
"35202265",921.00
"35202266",664.00
"35202267",706.00
"35202268",614.00
"35202269",909.00
"35202270",518.00
"35202271",415.00
"35202272",625.00
"35202273",765.00
"35202274",799.00
"35202275",595.00
"35202276",672.00
"35202277",536.00
"35202278",611.00
"35202279",1280.00
"35202280",196.00
"35202281",597.00
"35202282",463.00
"35202283",543.00
"35202284",541.00
"35202285",1518.00
"35202286",309.00
"35202287",422.00
"35202288",318.00
"35202289",303.00
"35202290",1405.00
"35202293",467.00
"35202294",376.00
"35202295",526.00
"35202296",470.00
"35202297",486.00
"35202298",401.00
"35202299",531.00
"35202300",518.00
"35202301",545.00
"35202302",506.00
"35202303",461.00
"35202304",634.00
"35202305",667.00
"35202306",505.00
"35202307",427.00
"35202309",629.00
"35202310",436.00
"35202311",507.00
"35202316",949.00
"35202321",551.00
"35202322",520.00
"35202323",438.00
"35202324",383.00
"35202325",672.00
"35202326",528.00
"35202327",566.00
"35202328",548.00
"35202336",524.00
"35202337",469.00
"35202338",393.00
"35202339",481.00
"35202340",470.00
"35202341",538.00
"35202342",1009.00
"35202343",515.00
"35202344",545.00
"35202345",772.00
"35202346",590.00
"35202347",421.00
"35202348",508.00
"35202349",453.00
"35202350",692.00
"35202351",487.00
"35202352",482.00
"35202353",524.00
"35202354",426.00
"35202355",867.00
"35202356",516.00
"35202357",593.00
"35202358",477.00
"35202359",577.00
"35202360",551.00
"35202361",473.00
"35202362",299.00
"35202363",931.00
"35202364",428.00
"35202365",373.00
"35202366",415.00
"35202367",717.00
"35202368",524.00
"35202369",555.00
"35202370",546.00
"35202371",689.00
"35202372",490.00
"35202373",663.00
"35202374",651.00
"35202375",516.00
"35202376",712.00
"35202377",543.00
"35202378",773.00
"35202379",376.00
"35202380",476.00
"35202381",431.00
"35202382",642.00
"35202383",624.00
"35202384",608.00
"35202385",660.00
"35202386",1221.00
"35202387",570.00
"35202388",1155.00
"35202389",753.00
"35202390",397.00
"35202391",569.00
"35202392",918.00
"35202393",600.00
"35202394",438.00
"35202395",581.00
"35202396",439.00
"35202398",1207.00
"35202399",446.00
"35202400",526.00
"35202401",609.00
"35202402",556.00
"35202403",1346.00
"35202404",599.00
"35202405",610.00
"35202406",911.00
"35202407",426.00
"35202408",587.00
"35202409",636.00
"35202413",398.00
"35202414",276.00
"35202415",439.00
"35202416",405.00
"35202417",383.00
"35202418",435.00
"35202419",402.00
"35202430",2135.00
"35202431",2821.00
"35202433",1836.00
"35202436",455.00
"35202439",503.00
"35202440",445.00
"35202441",667.00
"35202442",515.00
"35202443",1067.00
"35202446",328.00
"35202447",481.00
"35202448",283.00
"35202449",428.00
"35202450",305.00
"35202451",622.00
"35202452",279.00
"35202453",643.00
"35202454",806.00
"35202455",465.00
"35202456",364.00
"35202457",268.00
"35202458",348.00
"35202459",424.00
"35202460",397.00
"35202461",312.00
"35202462",1015.00
"35202466",657.00
"35202467",570.00
"35202468",886.00
"35202469",763.00
"35202472",749.00
"35202475",576.00
"35202476",631.00
"35202477",570.00
"35202478",742.00
"35202479",525.00
"35202480",470.00
"35202481",434.00
"35202482",510.00
"35202483",1380.00
"35202484",266.00
"35202485",298.00
"35202486",432.00
"35202487",287.00
"35202491",549.00
"35202492",387.00
"35202493",348.00
"35202494",447.00
"35202495",376.00
"35202496",592.00
"35202497",445.00
"35202498",585.00
"35202499",650.00
"35202500",486.00
"35202501",984.00
"35202502",383.00
"35202503",550.00
"35202504",619.00
"35202507",383.00
"35202508",488.00
"35202509",520.00
"35202510",942.00
"35202511",699.00
"35202512",499.00
"35202513",446.00
"35202514",467.00
"35202515",552.00
"35202516",489.00
"35202517",518.00
"35202522",508.00
"35202523",511.00
"35202529",1006.00
"35202534",1003.00
"35202535",513.00
"35202547",837.00
"35202548",479.00
"35202549",468.00
"35202550",534.00
"35202551",464.00
"35202553",1000.00
"35202554",970.00
"35202555",863.00
"35202560",416.00
"35202564",615.00
"35202565",680.00
"35202566",852.00
"35202567",779.00
"35202568",925.00
"35202569",825.00
"35202570",586.00
"35202571",653.00
"35202572",664.00
"35202573",608.00
"35202574",466.00
"35202575",561.00
"35202576",565.00
"35202577",514.00
"35202583",663.00
"35202584",431.00
"35202585",636.00
"35202586",521.00
"35202587",617.00
"35202588",325.00
"35202589",1025.00
"35202590",411.00
"35202591",916.00
"35202592",439.00
"35202593",468.00
"35202594",349.00
"35202597",503.00
"35202598",361.00
"35202599",585.00
"35202600",453.00
"35202605",551.00
"35202606",627.00
"35202608",806.00
"35202611",421.00
"35202612",682.00
"35202613",650.00
"35202614",485.00
"35202615",436.00
"35202616",550.00
"35202617",539.00
"35202618",676.00
"35202619",616.00
"35202620",1876.00
"35202621",481.00
"35202622",437.00
"35202623",237.00
"35202627",394.00
"35202628",1647.00
"35202629",452.00
"35202630",536.00
"35202636",488.00
"35202637",528.00
"35202638",523.00
"35202639",469.00
"35202640",905.00
"35202641",735.00
"35202642",502.00
"35202643",503.00
"35202644",515.00
"35202645",436.00
"35202646",615.00
"35202647",699.00
"35202648",573.00
"35202649",701.00
"35202650",795.00
"35202653",353.00
"35202654",1355.00
"35202655",904.00
"35202656",727.00
"35202657",537.00
"35202666",2063.00
"35202669",1051.00
"35202670",801.00
"35202671",2297.00
"35202672",436.00
"35202673",1200.00
"35202674",1289.00
"35202675",556.00
"35202676",688.00
"35202677",525.00
"35202678",439.00
"35202679",592.00
"35202680",450.00
"35202681",474.00
"35202682",711.00
"35202683",466.00
"35202684",567.00
"35202685",515.00
"35202686",469.00
"35202687",549.00
"35202688",631.00
"35202689",575.00
"35202690",475.00
"35202691",609.00
"35202694",876.00
"35202695",447.00
"35202699",313.00
"35202700",611.00
"35202701",506.00
"35202702",2354.00
"35202703",420.00
"35202704",438.00
"35202705",1401.00
"35202706",543.00
"35202707",716.00
"35202712",841.00
"35202722",1435.00
"35202727",604.00
"35202733",1944.00
"35202735",1479.00
"35202736",967.00
"35202739",716.00
"35202741",457.00
"35202742",385.00
"35202743",935.00
"35202744",523.00
"35202745",525.00
"35202746",466.00
"35202747",669.00
"35202748",908.00
"35202749",327.00
"35202750",818.00
"35202751",377.00
"35202752",451.00
"35202753",465.00
"35202756",481.00
"35202757",411.00
"35202758",459.00
"35202760",727.00
"35202761",409.00
"35202762",972.00
"35202763",427.00
"35202764",423.00
"35202765",569.00
"35202767",479.00
"35202768",862.00
"35202769",525.00
"35202770",614.00
"35202771",578.00
"35202772",605.00
"35202773",595.00
"35202774",537.00
"35202775",504.00
"35202776",584.00
"35202777",572.00
"35202778",609.00
"35202779",436.00
"35202787",553.00
"35202788",1039.00
"35202789",498.00
"35202790",1122.00
"35202791",610.00
"35202792",390.00
"35202797",584.00
"35202798",726.00
"35202799",422.00
"35202800",457.00
"35202801",743.00
"35202802",501.00
"35202803",553.00
"35202804",960.00
"35202805",641.00
"35202806",919.00
"35202807",769.00
"35202808",523.00
"35202809",331.00
"35202810",393.00
"35202811",828.00
"35202812",564.00
"35202813",437.00
"35202814",324.00
"35202817",1798.00
"35202818",1728.00
"35202819",1016.00
"35202820",1328.00
"35202821",932.00
"35202823",855.00
"35202840",322.00
"35202842",344.00
"35202843",453.00
"35202845",361.00
"35202846",290.00
"35202847",927.00
"35202848",701.00
"35202849",1134.00
"35202850",831.00
"35202878",499.00
"35202879",1343.00
"35202880",749.00
"35202881",483.00
"35202882",582.00
"35202883",315.00
"35202884",487.00
"35202886",439.00
"35202887",475.00
"35202888",493.00
"35202889",418.00
"35202890",641.00
"35202891",589.00
"35202892",315.00
"35202893",613.00
"35202894",709.00
"35202895",525.00
"35202896",427.00
"35202897",469.00
"35202898",443.00
"35202899",533.00
"35202900",725.00
"35202901",477.00
"35202902",478.00
"35202903",638.00
"35202904",533.00
"35202905",577.00
"35202906",913.00
"35202907",485.00
"35202910",387.00
"35202911",588.00
"35202912",656.00
"35202918",687.00
"35202919",570.00
"35202920",624.00
"35202928",917.00
"35202930",559.00
"35202931",613.00
"35202932",504.00
"35202933",514.00
"35202935",633.00
"35202936",556.00
"35202937",656.00
"35202938",501.00
"35202939",701.00
"35202940",457.00
"35202941",493.00
"35202942",613.00
"35202943",764.00
"35202944",798.00
"35202945",468.00
"35202946",611.00
"35202947",842.00
"35202948",386.00
"35202949",697.00
"35202950",575.00
"35202951",417.00
"35202952",497.00
"35202953",497.00
"35202954",511.00
"35202955",592.00
"35202965",897.00
"35202966",306.00
"35202967",474.00
"35202968",715.00
"35202969",936.00
"35202970",471.00
"35202971",616.00
"35202972",490.00
"35202973",416.00
"35202974",362.00
"35202975",341.00
"35202976",364.00
"35202977",273.00
"35202982",299.00
"35202983",525.00
"35202984",1147.00
"35202985",601.00
"35202986",539.00
"35202987",474.00
"35202988",451.00
"35202989",455.00
"35202990",941.00
"35202991",650.00
"35202992",585.00
"35202993",823.00
"35202994",322.00
"35202995",350.00
"35202996",609.00
"35202997",631.00
"35202998",528.00
"35202999",510.00
"35203000",672.00
"35203001",530.00
"35203002",679.00
"35203003",569.00
"35203004",597.00
"35203005",577.00
"35203006",473.00
"35203007",611.00
"35203008",518.00
"35203009",426.00
"35203015",307.00
"35203016",658.00
"35203018",221.00
"35203026",686.00
"35203027",777.00
"35203028",457.00
"35203029",267.00
"35203030",394.00
"35203031",1013.00
"35203032",409.00
"35203033",391.00
"35203034",735.00
"35203035",633.00
"35203036",454.00
"35203037",532.00
"35203038",1050.00
"35203039",473.00
"35203040",359.00
"35203041",874.00
"35203042",629.00
"35203043",418.00
"35203044",367.00
"35203045",555.00
"35203046",402.00
"35203047",593.00
"35203048",515.00
"35203049",255.00
"35203050",378.00
"35203051",773.00
"35203052",177.00
"35203053",1176.00
"35203054",1079.00
"35203055",692.00
"35203056",1018.00
"35203057",1054.00
"35203058",590.00
"35203059",302.00
"35203060",280.00
"35203061",637.00
"35203064",497.00
"35203071",361.00
"35203072",400.00
"35203073",364.00
"35203074",567.00
"35203075",711.00
"35203077",344.00
"35203079",264.00
"35203080",295.00
"35203081",344.00
"35203082",363.00
"35203086",934.00
"35203087",527.00
"35203093",682.00
"35203094",542.00
"35203095",648.00
"35203096",763.00
"35203097",556.00
"35203098",468.00
"35203102",381.00
"35203105",387.00
"35203107",719.00
"35203108",652.00
"35203109",690.00
"35203110",576.00
"35203111",550.00
"35203112",459.00
"35203113",272.00
"35203126",608.00
"35203127",905.00
"35203128",367.00
"35203129",394.00
"35203130",449.00
"35203131",1258.00
"35203132",476.00
"35203133",336.00
"35203134",405.00
"35203135",496.00
"35203136",469.00
"35203137",757.00
"35203138",392.00
"35203139",530.00
"35203140",752.00
"35203141",442.00
"35203142",478.00
"35203143",558.00
"35203144",544.00
"35203146",1000.00
"35203147",891.00
"35203148",483.00
"35203149",1085.00
"35203150",484.00
"35203151",477.00
"35203152",607.00
"35203153",601.00
"35203154",501.00
"35203156",374.00
"35203157",7939.00
"35203160",2469.00
"35203161",567.00
"35203162",972.00
"35203163",618.00
"35203167",288.00
"35203170",521.00
"35203174",620.00
"35203175",2543.00
"35203176",3076.00
"35203177",1235.00
"35203183",556.00
"35203184",465.00
"35203185",0.00
"35203190",1387.00
"35203191",280.00
"35203192",530.00
"35203193",411.00
"35203194",599.00
"35203195",646.00
"35203196",298.00
"35203197",487.00
"35203198",336.00
"35203199",892.00
"35203200",770.00
"35203201",511.00
"35203202",404.00
"35203203",333.00
"35203204",349.00
"35203208",400.00
"35203209",614.00
"35203210",330.00
"35203211",334.00
"35203212",423.00
"35203213",555.00
"35203214",394.00
"35203216",456.00
"35203217",559.00
"35203218",614.00
"35203219",386.00
"35203220",398.00
"35203221",552.00
"35203222",565.00
"35203223",222.00
"35203224",461.00
"35203225",479.00
"35203226",530.00
"35203227",498.00
"35203228",583.00
"35203229",501.00
"35203230",655.00
"35203231",745.00
"35203232",704.00
"35203233",642.00
"35203234",704.00
"35203235",569.00
"35203236",642.00
"35203237",616.00
"35203238",478.00
"35203239",665.00
"35203240",826.00
"35203241",537.00
"35203242",569.00
"35203243",468.00
"35203244",413.00
"35203245",462.00
"35203246",418.00
"35203247",637.00
"35203248",491.00
"35203249",535.00
"35203250",584.00
"35203251",529.00
"35203252",585.00
"35203253",462.00
"35203254",430.00
"35203255",539.00
"35203256",544.00
"35203257",693.00
"35203258",523.00
"35203259",591.00
"35203260",448.00
"35203261",670.00
"35203263",436.00
"35203264",573.00
"35203265",466.00
"35203266",443.00
"35203267",504.00
"35203268",772.00
"35203269",518.00
"35203270",81.00
"35203271",523.00
"35203273",1461.00
"35203274",773.00
"35203275",882.00
"35203276",576.00
"35203277",445.00
"35203278",491.00
"35203279",648.00
"35203280",455.00
"35203281",444.00
"35203282",430.00
"35203283",572.00
"35203284",407.00
"35203285",505.00
"35203286",667.00
"35203287",425.00
"35203288",1050.00
"35203289",695.00
"35203290",572.00
"35203291",976.00
"35203292",360.00
"35203293",184.00
"35203294",619.00
"35203296",298.00
"35203297",516.00
"35203298",517.00
"35203299",469.00
"35203300",437.00
"35203301",494.00
"35203314",562.00
"35203315",393.00
"35203316",425.00
"35203317",528.00
"35203318",645.00
"35203321",377.00
"35203322",612.00
"35203323",418.00
"35203324",567.00
"35203330",1061.00
"35203331",854.00
"35203332",439.00
"35203333",710.00
"35203334",447.00
"35203337",350.00
"35203338",408.00
"35203339",413.00
"35203340",1838.00
"35203342",1399.00
"35203344",294.00
"35203345",595.00
"35203346",433.00
"35203347",382.00
"35203348",883.00
"35203350",929.00
"35203351",603.00
"35203352",444.00
"35203353",469.00
"35203354",545.00
"35203355",489.00
"35203356",517.00
"35203357",349.00
"35203358",468.00
"35203359",461.00
"35203360",260.00
"35203361",524.00
"35203362",314.00
"35203363",344.00
"35203370",621.00
"35203371",1728.00
"35203372",1472.00
"35203373",345.00
"35203374",609.00
"35203375",308.00
"35203376",248.00
"35203377",555.00
"35203378",642.00
"35203379",541.00
"35203380",480.00
"35203381",495.00
"35203382",446.00
"35203383",389.00
"35203384",536.00
"35203385",425.00
"35203386",631.00
"35203387",543.00
"35203388",501.00
"35203389",454.00
"35203391",426.00
"35203392",251.00
"35203393",936.00
"35203394",857.00
"35203395",577.00
"35203396",453.00
"35203399",535.00
"35203400",367.00
"35203401",280.00
"35203402",382.00
"35203403",2382.00
"35203404",2170.00
"35203405",1055.00
"35203406",1521.00
"35203407",585.00
"35203408",1958.00
"35203409",430.00
"35203410",415.00
"35203411",1441.00
"35203412",564.00
"35203413",401.00
"35203414",533.00
"35203415",409.00
"35203416",654.00
"35203417",560.00
"35203418",624.00
"35203419",626.00
"35203420",729.00
"35203421",740.00
"35203422",483.00
"35203423",578.00
"35203427",582.00
"35203435",776.00
"35203439",607.00
"35203440",602.00
"35203441",483.00
"35203442",265.00
"35203443",479.00
"35203444",637.00
"35203445",593.00
"35203446",567.00
"35203447",651.00
"35203448",961.00
"35203449",1151.00
"35203450",627.00
"35203451",598.00
"35203452",941.00
"35203458",565.00
"35203461",614.00
"35203462",539.00
"35203463",469.00
"35203465",1326.00
"35203466",1430.00
"35203467",466.00
"35203468",539.00
"35203469",487.00
"35203470",846.00
"35203471",590.00
"35203472",693.00
"35203479",427.00
"35203480",491.00
"35203482",2434.00
"35203483",670.00
"35203484",627.00
"35203485",399.00
"35203486",811.00
"35203489",646.00
"35203490",597.00
"35203491",593.00
"35203492",504.00
"35203493",562.00
"35203494",583.00
"35203495",470.00
"35203496",512.00
"35203498",607.00
"35203501",511.00
"35203502",556.00
"35203503",4167.00
"35203504",237.00
"35203505",509.00
"35203506",520.00
"35203507",398.00
"35203508",564.00
"35203509",802.00
"35203510",415.00
"35203511",535.00
"35203512",597.00
"35203513",572.00
"35203519",984.00
"35203520",2766.00
"35203521",1483.00
"35203522",812.00
"35203523",386.00
"35203524",431.00
"35203525",483.00
"35203526",455.00
"35203527",870.00
"35203528",535.00
"35203529",542.00
"35203530",526.00
"35203531",477.00
"35203532",629.00
"35203533",451.00
"35203534",489.00
"35203535",500.00
"35203536",436.00
"35203537",523.00
"35203538",486.00
"35203539",433.00
"35203540",523.00
"35203541",801.00
"35203542",656.00
"35203543",572.00
"35203544",545.00
"35203545",561.00
"35203546",581.00
"35203547",552.00
"35203548",827.00
"35203552",624.00
"35203554",470.00
"35203561",1074.00
"35203566",958.00
"35203567",670.00
"35203568",1012.00
"35203569",465.00
"35203570",629.00
"35203571",472.00
"35203572",406.00
"35203573",665.00
"35203574",640.00
"35203575",595.00
"35203576",500.00
"35203577",439.00
"35203578",512.00
"35203579",455.00
"35203580",961.00
"35203581",339.00
"35203584",677.00
"35203585",465.00
"35203586",430.00
"35203587",515.00
"35203588",570.00
"35203589",686.00
"35203590",1380.00
"35203591",1019.00
"35203592",377.00
"35203593",301.00
"35203594",811.00
"35203595",588.00
"35203596",321.00
"35203597",452.00
"35203599",815.00
"35203600",392.00
"35203604",735.00
"35203605",719.00
"35203606",528.00
"35203607",757.00
"35203608",615.00
"35203610",771.00
"35203611",422.00
"35203612",512.00
"35203613",937.00
"35203614",374.00
"35203615",398.00
"35203616",564.00
"35203617",984.00
"35203618",2437.00
"35203619",543.00
"35203620",981.00
"35203621",1118.00
"35203622",1084.00
"35203623",936.00
"35203626",477.00
"35203627",679.00
"35203628",414.00
"35203629",250.00
"35203630",309.00
"35203631",417.00
"35203632",545.00
"35203633",417.00
"35203634",536.00
"35203635",587.00
"35203636",762.00
"35203637",406.00
"35203640",385.00
"35203641",325.00
"35203649",0.00
"35203650",1477.00
"35203651",523.00
"35203652",391.00
"35203653",689.00
"35203654",478.00
"35203655",434.00
"35203656",673.00
"35203657",465.00
"35203658",403.00
"35203659",998.00
"35203660",426.00
"35203661",723.00
"35203664",1078.00
"35203666",428.00
"35203668",624.00
"35203669",693.00
"35203670",829.00
"35203672",404.00
"35203673",257.00
"35203675",601.00
"35203676",534.00
"35203677",460.00
"35203678",234.00
"35203679",380.00
"35203680",460.00
"35203681",556.00
"35203682",754.00
"35203683",383.00
"35203684",1027.00
"35203685",448.00
"35203686",355.00
"35203687",747.00
"35203688",612.00
"35203689",570.00
"35203690",518.00
"35203691",1039.00
"35203692",528.00
"35203693",583.00
"35203694",523.00
"35203695",613.00
"35203696",504.00
"35203697",355.00
"35203698",529.00
"35203699",528.00
"35203700",586.00
"35203701",417.00
"35203703",541.00
"35203704",402.00
"35203705",366.00
"35203708",1142.00
"35203709",1020.00
"35203710",514.00
"35203711",385.00
"35203712",400.00
"35203713",661.00
"35203714",609.00
"35203715",420.00
"35203716",887.00
"35203717",0.00
"35203718",1682.00
"35203719",580.00
"35203720",589.00
"35203721",400.00
"35203722",524.00
"35203723",431.00
"35203724",510.00
"35203725",560.00
"35203726",488.00
"35203729",395.00
"35203730",465.00
"35203731",1669.00
"35203732",656.00
"35203733",500.00
"35203734",412.00
"35203735",394.00
"35203736",430.00
"35203737",612.00
"35203738",537.00
"35203739",402.00
"35203740",377.00
"35203743",509.00
"35203744",631.00
"35203745",865.00
"35203746",1115.00
"35203747",729.00
"35203748",363.00
"35203751",438.00
"35203752",933.00
"35203753",399.00
"35203754",702.00
"35203755",387.00
"35203756",491.00
"35203757",560.00
"35203758",462.00
"35203759",414.00
"35203760",450.00
"35203761",439.00
"35203762",541.00
"35203766",1286.00
"35203786",691.00
"35203787",709.00
"35203788",928.00
"35203789",288.00
"35203790",503.00
"35203791",269.00
"35203792",721.00
"35203793",384.00
"35203794",468.00
"35203796",482.00
"35203798",438.00
"35203799",705.00
"35203800",435.00
"35203801",481.00
"35203802",485.00
"35203803",521.00
"35203807",482.00
"35203808",415.00
"35203809",414.00
"35203810",543.00
"35203811",710.00
"35203812",873.00
"35203813",432.00
"35203815",635.00
"35203816",447.00
"35203817",645.00
"35203818",703.00
"35203819",411.00
"35203820",692.00
"35203828",458.00
"35203829",479.00
"35203830",578.00
"35203833",503.00
"35203834",742.00
"35203835",333.00
"35203836",372.00
"35203837",269.00
"35203838",479.00
"35203841",525.00
"35203842",556.00
"35203843",477.00
"35203844",617.00
"35203845",431.00
"35203846",344.00
"35203847",380.00
"35203848",547.00
"35203849",584.00
"35203850",1024.00
"35203851",290.00
"35203852",330.00
"35203853",331.00
"35203857",1966.00
"35203858",430.00
"35203859",351.00
"35203860",386.00
"35203861",334.00
"35203864",644.00
"35203865",525.00
"35203866",663.00
"35203867",492.00
"35203868",552.00
"35203869",513.00
"35203870",471.00
"35203871",460.00
"35203872",385.00
"35203873",257.00
"35203876",429.00
"35203877",509.00
"35203878",618.00
"35203880",362.00
"35203881",631.00
"35203882",390.00
"35203883",435.00
"35203884",481.00
"35203885",411.00
"35203886",460.00
"35203887",564.00
"35203888",757.00
"35203889",345.00
"35203890",490.00
"35203891",543.00
"35203892",560.00
"35203893",519.00
"35203895",490.00
"35203897",448.00
"35203898",541.00
"35203899",1125.00
"35203908",1227.00
"35203909",362.00
"35203910",348.00
"35203911",737.00
"35203912",820.00
"35203913",352.00
"35203914",1045.00
"35203915",1024.00
"35203916",762.00
"35203917",357.00
"35203919",220.00
"35203921",1095.00
"35203922",351.00
"35203925",1141.00
"35203926",260.00
"35203927",720.00
"35203928",826.00
"35203929",997.00
"35203930",1115.00
"35203931",352.00
"35203932",473.00
"35203933",1127.00
"35203936",343.00
"35203937",436.00
"35203938",362.00
"35203939",360.00
"35203940",702.00
"35203943",574.00
"35203945",1370.00
"35203946",4226.00
"35203947",2983.00
"35203948",2715.00
"35203951",1657.00
"35203953",1434.00
"35203954",7307.00
"35203955",1548.00
"35203958",1124.00
"35203959",1931.00
"35203960",2596.00
"35203961",3033.00
"35203962",697.00
"35203965",1234.00
"35203971",1849.00
"35203973",1037.00
"35203974",1042.00
"35203975",1749.00
"35203976",1878.00
"35203977",1324.00
"35203978",3921.00
"35203979",1343.00
"35203980",1872.00
"35203981",1507.00
"35203984",752.00
"35203986",2268.00
"35203987",868.00
"35203989",1634.00
"35203990",1030.00
"35203991",1021.00
"35203992",1477.00
"35203993",940.00
"35203994",1529.00
"35203995",1199.00
"35203997",999.00
"35203998",869.00
"35204001",1079.00
"35204003",665.00
"35204004",3291.00
"35204005",1554.00
"35204006",805.00
"35204007",1776.00
"35204009",1189.00
"35204010",1376.00
"35204011",1504.00
"35204012",860.00
"35204013",2133.00
"35204014",3335.00
"35204015",1549.00
"35204018",2653.00
"35204019",2145.00
"35204020",1947.00
"35204021",1050.00
"35204022",2119.00
"35204024",2952.00
"35204026",2145.00
"35204027",1322.00
"35204028",2478.00
"35204029",1076.00
"35204030",1495.00
"35204032",1512.00
"35204033",2035.00
"35204034",791.00
"35204035",3348.00
"35204036",2344.00
"35204038",915.00
"35204039",1166.00
"35204040",839.00
"35204041",2333.00
"35204042",1680.00
"35204043",1934.00
"35204045",1502.00
"35204047",1300.00
"35204049",6531.00
"35204052",2257.00
"35204053",2360.00
"35204054",1190.00
"35204055",2240.00
"35204056",1937.00
"35204057",1236.00
"35204058",1313.00
"35204059",2907.00
"35204060",2044.00
"35204061",1312.00
"35204062",1847.00
"35204063",2732.00
"35204064",1774.00
"35204065",1617.00
"35204066",1428.00
"35204067",1228.00
"35204068",2426.00
"35204069",1586.00
"35204070",1114.00
"35204072",2933.00
"35204073",5983.00
"35204074",5498.00
"35204075",2009.00
"35204076",1437.00
"35204077",1531.00
"35204079",2959.00
"35204080",1736.00
"35204081",2765.00
"35204082",1617.00
"35204083",2134.00
"35204084",3131.00
"35204085",2824.00
"35204087",2059.00
"35204088",2622.00
"35204089",893.00
"35204090",1165.00
"35204091",1381.00
"35204092",855.00
"35204093",2601.00
"35204094",3378.00
"35204095",1727.00
"35204096",2172.00
"35204097",2141.00
"35204098",1606.00
"35204100",2800.00
"35204101",6906.00
"35204103",2446.00
"35204105",2248.00
"35204106",1034.00
"35204107",881.00
"35204109",2005.00
"35204110",2139.00
"35204111",2311.00
"35204113",1674.00
"35204114",1080.00
"35204115",1500.00
"35204116",883.00
"35204117",1979.00
"35204118",2724.00
"35204119",1778.00
"35204120",1287.00
"35204121",2298.00
"35204124",7607.00
"35204125",1538.00
"35204126",4680.00
"35204127",1653.00
"35204128",3365.00
"35204129",1359.00
"35204130",412.00
"35204131",997.00
"35204133",1249.00
"35204134",770.00
"35204135",1576.00
"35204136",1117.00
"35204137",1430.00
"35204138",1401.00
"35204139",2304.00
"35204141",2093.00
"35204142",2594.00
"35204143",1946.00
"35204144",1948.00
"35204145",1834.00
"35204146",1148.00
"35204147",1439.00
"35204148",759.00
"35204149",961.00
"35204150",783.00
"35204151",929.00
"35204152",575.00
"35204153",502.00
"35204154",656.00
"35204155",650.00
"35204156",660.00
"35204157",525.00
"35204159",707.00
"35204160",479.00
"35204161",550.00
"35204162",476.00
"35204163",504.00
"35204164",602.00
"35204165",3533.00
"35204166",587.00
"35204167",521.00
"35204168",851.00
"35204169",298.00
"35204170",529.00
"35204171",1181.00
"35204172",447.00
"35204173",612.00
"35204174",526.00
"35204176",434.00
"35204177",587.00
"35204178",734.00
"35204179",519.00
"35204180",865.00
"35204181",621.00
"35204182",821.00
"35204183",539.00
"35204184",1198.00
"35204186",465.00
"35204187",825.00
"35204188",569.00
"35204189",474.00
"35204190",1223.00
"35204191",651.00
"35204192",539.00
"35204193",347.00
"35204194",953.00
"35204195",1669.00
"35204196",492.00
"35204197",611.00
"35204198",1069.00
"35204199",1038.00
"35204200",81.00
"35204201",1176.00
"35204202",765.00
"35204204",112.00
"35204205",344.00
"35204206",372.00
"35204207",424.00
"35204208",1288.00
"35204209",176.00
"35204211",327.00
"35204212",978.00
"35204213",1600.00
"35204214",529.00
"35204215",834.00
"35204216",985.00
"35204217",298.00
"35204218",662.00
"35204219",365.00
"35204220",333.00
"35204221",422.00
"35204222",758.00
"35204224",1277.00
"35204225",508.00
"35204226",486.00
"35204227",1453.00
"35204228",3108.00
"35204229",1277.00
"35204230",2640.00
"35204231",1414.00
"35204232",1246.00
"35204233",308.00
"35204235",443.00
"35204236",661.00
"35204237",479.00
"35204238",723.00
"35204240",1240.00
"35204242",1815.00
"35204243",1355.00
"35204244",399.00
"35204245",204.00
"35204246",2256.00
"35204249",1964.00
"35204250",1620.00
"35204251",590.00
"35204252",561.00
"35204253",257.00
"35204254",706.00
"35204255",638.00
"35204256",287.00
"35204257",1329.00
"35204258",0.00
"35204259",5520.00
"35204261",888.00
"35204262",400.00
"35204263",418.00
"35204265",1016.00
"35204266",148.00
"35204267",2189.00
"35204268",587.00
"35204269",6071.00
"35204271",975.00
"35204272",3178.00
"35204273",32.00
"35204274",565.00
"35204275",530.00
"35204276",508.00
"35204277",1207.00
"35204278",483.00
"35204279",595.00
"35204280",391.00
"35204281",626.00
"35204282",665.00
"35204283",541.00
"35204284",2869.00
"35204285",509.00
"35204286",556.00
"35204287",775.00
"35204288",545.00
"35204289",805.00
"35204290",1342.00
"35204291",943.00
"35204292",719.00
"35204293",469.00
"35204294",550.00
"35204295",447.00
"35204296",654.00
"35204297",466.00
"35204298",1205.00
"35204299",427.00
"35204300",485.00
"35204301",441.00
"35204302",514.00
"35204303",470.00
"35204304",477.00
"35204305",1175.00
"35204306",3366.00
"35204307",1203.00
"35204309",379.00
"35204310",2520.00
"35204311",1545.00
"35204312",1359.00
"35204313",1552.00
"35204314",1333.00
"35204315",599.00
"35204317",1886.00
"35204318",551.00
"35204319",596.00
"35204321",2246.00
"35204322",476.00
"35204323",520.00
"35204324",533.00
"35204325",646.00
"35204326",1330.00
"35204327",461.00
"35204328",467.00
"35204329",3223.00
"35204330",1615.00
"35204331",1324.00
"35204332",545.00
"35204333",2930.00
"35204334",321.00
"35204335",637.00
"35204336",486.00
"35204337",637.00
"35204338",365.00
"35204339",802.00
"35204340",627.00
"35204341",357.00
"35204342",507.00
"35204343",616.00
"35204344",1087.00
"35204345",645.00
"35204346",888.00
"35204347",2261.00
"35204348",2121.00
"35204349",583.00
"35204350",517.00
"35204351",2007.00
"35204352",1609.00
"35204353",2227.00
"35204355",2583.00
"35204356",820.00
"35204357",550.00
"35204358",729.00
"35204359",1249.00
"35204360",905.00
"35204361",491.00
"35204362",526.00
"35204363",635.00
"35204364",1141.00
"35204365",521.00
"35204366",482.00
"35204367",2954.00
"35204369",418.00
"35204370",1489.00
"35204371",3688.00
"35204372",1261.00
"35204373",1903.00
"35204374",568.00
"35204375",612.00
"35204376",492.00
"35204377",474.00
"35204378",481.00
"35204379",398.00
"35204380",2622.00
"35204381",1416.00
"35204382",2090.00
"35204383",721.00
"35204384",770.00
"35204385",647.00
"35204386",768.00
"35204387",570.00
"35204388",551.00
"35204389",875.00
"35204390",1145.00
"35204391",629.00
"35204392",476.00
"35204393",539.00
"35204394",455.00
"35204395",630.00
"35204396",998.00
"35204397",1131.00
"35204398",558.00
"35204399",972.00
"35204400",460.00
"35204401",1498.00
"35204402",1911.00
"35204403",609.00
"35204404",497.00
"35204405",686.00
"35204406",426.00
"35204407",535.00
"35204408",584.00
"35204409",379.00
"35204410",926.00
"35204411",571.00
"35204412",1462.00
"35204413",1002.00
"35204414",1346.00
"35204415",913.00
"35204416",375.00
"35204417",431.00
"35204418",227.00
"35204419",526.00
"35204420",457.00
"35204421",538.00
"35204422",508.00
"35204423",484.00
"35204424",933.00
"35204425",541.00
"35204426",2462.00
"35204427",1109.00
"35204428",2876.00
"35204429",587.00
"35204430",922.00
"35204431",599.00
"35204432",521.00
"35204433",489.00
"35204434",487.00
"35204435",976.00
"35204436",2097.00
"35204437",601.00
"35204438",609.00
"35204439",675.00
"35204440",478.00
"35204441",513.00
"35204442",466.00
"35204443",488.00
"35204444",403.00
"35204445",467.00
"35204446",682.00
"35204447",474.00
"35204448",714.00
"35204449",383.00
"35204450",413.00
"35204451",417.00
"35204452",477.00
"35204453",945.00
"35204454",2915.00
"35204455",711.00
"35204456",1127.00
"35204457",524.00
"35204458",1517.00
"35204460",539.00
"35204461",521.00
"35204462",479.00
"35204463",573.00
"35204464",3113.00
"35204465",945.00
"35204466",1805.00
"35204467",1128.00
"35204468",1959.00
"35204469",1611.00
"35204470",2394.00
"35204471",797.00
"35204472",830.00
"35204473",461.00
"35204474",3403.00
"35204475",595.00
"35204476",464.00
"35204477",476.00
"35204478",786.00
"35204479",100.00
"35204480",815.00
"35204481",528.00
"35204482",411.00
"35204483",425.00
"35204484",464.00
"35204485",544.00
"35204486",476.00
"35204487",1717.00
"35204488",1936.00
"35204489",676.00
"35204490",966.00
"35204491",491.00
"35204492",382.00
"35204493",495.00
"35204494",801.00
"35204495",528.00
"35204496",466.00
"35204497",407.00
"35204498",508.00
"35204499",561.00
"35204500",515.00
"35204501",473.00
"35204502",594.00
"35204503",566.00
"35204504",401.00
"35204505",988.00
"35204506",883.00
"35204507",971.00
"35204508",526.00
"35204509",527.00
"35204510",554.00
"35204511",608.00
"35204512",522.00
"35204513",340.00
"35204514",458.00
"35204515",707.00
"35204516",730.00
"35204517",423.00
"35204518",576.00
"35204519",504.00
"35204520",678.00
"35204521",436.00
"35204522",442.00
"35204523",592.00
"35204524",387.00
"35204525",320.00
"35204526",559.00
"35204527",472.00
"35204528",498.00
"35204529",510.00
"35204530",566.00
"35204531",542.00
"35204532",517.00
"35204533",1159.00
"35204534",461.00
"35204535",1509.00
"35204536",901.00
"35204537",646.00
"35204538",538.00
"35204539",534.00
"35204540",582.00
"35204541",590.00
"35204542",447.00
"35204543",889.00
"35204544",611.00
"35204545",379.00
"35204546",530.00
"35204547",467.00
"35204548",1050.00
"35204549",378.00
"35204550",422.00
"35204551",399.00
"35204552",462.00
"35204553",458.00
"35204554",478.00
"35204555",519.00
"35204556",518.00
"35204557",489.00
"35204558",800.00
"35204559",572.00
"35204560",531.00
"35204561",602.00
"35204562",577.00
"35204563",1533.00
"35204564",3044.00
"35204565",1436.00
"35204566",470.00
"35204567",7244.00
"35204568",693.00
"35204569",620.00
"35204570",572.00
"35204571",926.00
"35204572",401.00
"35204573",572.00
"35204574",1454.00
"35204575",610.00
"35204576",568.00
"35204577",571.00
"35204578",2527.00
"35204579",1612.00
"35204580",965.00
"35204581",1052.00
"35204582",756.00
"35204583",538.00
"35204584",695.00
"35204585",867.00
"35204586",486.00
"35204587",284.00
"35204588",3040.00
"35204589",1158.00
"35204590",873.00
"35204591",1273.00
"35204592",2007.00
"35204593",817.00
"35204594",1180.00
"35204595",1232.00
"35204596",683.00
"35204597",553.00
"35204598",772.00
"35204599",797.00
"35204600",934.00
"35204601",518.00
"35204602",1668.00
"35204603",668.00
"35204605",1190.00
"35204606",4410.00
"35204607",814.00
"35204608",875.00
"35204609",305.00
"35204610",744.00
"35204611",746.00
"35204612",812.00
"35204613",560.00
"35204614",1001.00
"35204615",1723.00
"35204616",1850.00
"35204617",737.00
"35204618",1338.00
"35204620",649.00
"35204621",663.00
"35204622",564.00
"35204623",675.00
"35204624",654.00
"35204625",397.00
"35204626",384.00
"35204627",437.00
"35204628",368.00
"35204629",587.00
"35204630",383.00
"35204631",579.00
"35204632",504.00
"35204633",1857.00
"35204634",595.00
"35204635",643.00
"35204636",631.00
"35204637",518.00
"35204638",481.00
"35204639",553.00
"35204640",471.00
"35204641",630.00
"35204642",618.00
"35204643",456.00
"35204644",481.00
"35204645",493.00
"35204646",402.00
"35204647",574.00
"35204648",851.00
"35204649",527.00
"35204650",2552.00
"35204652",1113.00
"35204653",3023.00
"35204655",1625.00
"35204656",864.00
"35204657",1995.00
"35204658",324.00
"35204659",656.00
"35204660",363.00
"35204661",1155.00
"35204662",1028.00
"35204663",466.00
"35204664",575.00
"35204665",594.00
"35204666",2606.00
"35204667",453.00
"35204668",874.00
"35204669",488.00
"35204670",1200.00
"35204671",439.00
"35204672",830.00
"35204673",593.00
"35204674",557.00
"35204675",1553.00
"35204676",4631.00
"35204678",391.00
"35204679",399.00
"35204680",676.00
"35204681",374.00
"35204682",449.00
"35204683",429.00
"35204684",632.00
"35204685",446.00
"35204686",477.00
"35204687",355.00
"35204688",673.00
"35204689",819.00
"35204690",981.00
"35204691",4122.00
"35204692",540.00
"35204693",485.00
"35204694",2436.00
"35204695",457.00
"35204696",629.00
"35204697",540.00
"35204698",680.00
"35204699",624.00
"35204700",1242.00
"35204701",149.00
"35204704",1695.00
"35204705",306.00
"35204707",1916.00
"35204708",262.00
"35204709",360.00
"35204710",1223.00
"35204711",1981.00
"35204712",1240.00
"35204714",1182.00
"35204715",1276.00
"35204716",1360.00
"35204717",814.00
"35204718",1027.00
"35204719",846.00
"35204720",1017.00
"35204721",726.00
"35204722",1456.00
"35204723",916.00
"35204725",598.00
"35204726",489.00
"35204727",861.00
"35204728",560.00
"35204729",589.00
"35204730",578.00
"35204731",627.00
"35204732",677.00
"35204733",827.00
"35204734",1010.00
"35204735",849.00
"35204736",999.00
"35204737",1459.00
"35204738",3894.00
"35204739",474.00
"35204740",1491.00
"35204741",373.00
"35204742",1614.00
"35204743",723.00
"35204744",581.00
"35204745",1123.00
"35204746",1383.00
"35204747",1544.00
"35204748",899.00
"35204749",1088.00
"35204750",562.00
"35204751",528.00
"35204752",726.00
"35204753",574.00
"35204754",2155.00
"35204755",1195.00
"35204756",1175.00
"35204757",823.00
"35204758",935.00
"35204759",803.00
"35204760",1139.00
"35204761",1206.00
"35204762",738.00
"35204763",5206.00
"35204764",116.00
"35204765",2155.00
"35204766",617.00
"35204767",1365.00
"35204768",901.00
"35204769",1523.00
"35204770",1204.00
"35204771",647.00
"35204772",2099.00
"35204773",674.00
"35204774",981.00
"35204775",716.00
"35204776",1027.00
"35204777",1242.00
"35204778",748.00
"35204779",437.00
"35204780",1246.00
"35204781",1037.00
"35204782",2613.00
"35204783",0.00
"35204784",0.00
"35204785",675.00
"35204786",849.00
"35204787",523.00
"35204788",1137.00
"35204789",966.00
"35204790",493.00
"35204791",888.00
"35204793",1420.00
"35204794",903.00
"35204795",774.00
"35204796",3340.00
"35204797",911.00
"35204798",959.00
"35204799",2387.00
"35204800",384.00
"35204801",454.00
"35204802",1110.00
"35204803",1097.00
"35204805",1078.00
"35204806",415.00
"35204807",1223.00
"35204808",841.00
"35204809",765.00
"35204810",821.00
"35204811",1011.00
"35204812",879.00
"35204813",735.00
"35204814",930.00
"35204815",1055.00
"35204816",1176.00
"35204817",768.00
"35204819",6748.00
"35204820",3025.00
"35204821",1021.00
"35204822",1937.00
"35204823",811.00
"35204824",1392.00
"35204825",1130.00
"35204826",3595.00
"35204827",3274.00
"35204828",1246.00
"35204829",817.00
"35204830",1375.00
"35204831",459.00
"35204832",1756.00
"35204833",2712.00
"35204835",857.00
"35204836",404.00
"35204837",543.00
"35204838",951.00
"35204839",1589.00
"35204840",581.00
"35204841",1612.00
"35204842",2587.00
"35204843",2174.00
"35204844",1959.00
"35204845",2711.00
"35204846",1574.00
"35204847",1400.00
"35204848",912.00
"35204850",1744.00
"35204851",777.00
"35204852",727.00
"35204853",380.00
"35204854",0.00
"35204855",673.00
"35204856",1502.00
"35204857",1311.00
"35204858",894.00
"35204859",1376.00
"35204860",0.00
"35204861",583.00
"35204862",1029.00
"35204863",1650.00
"35204864",0.00
"35204865",1155.00
"35204866",696.00
"35204867",730.00
"35204869",320.00
"35204870",1869.00
"35204871",2011.00
"35204872",3623.00
"35204873",1629.00
"35204876",724.00
"35204877",337.00
"35204878",0.00
"35204879",1087.00
"35204880",1804.00
"35204881",441.00
"35204882",554.00
"35204883",1901.00
"35204884",496.00
"35204885",3509.00
"35204886",392.00
"35204887",1142.00
"35204888",1828.00
"35204889",400.00
"35204890",462.00
"35204891",2044.00
"35204892",151.00
"35204893",273.00
"35204894",3642.00
"35204895",977.00
"35204896",1753.00
"35204897",1985.00
"35204898",967.00
"35204899",0.00
"35204900",3023.00
"35204901",1014.00
"35204902",498.00
"35204903",3495.00
"35204904",626.00
"35204905",1774.00
"35204906",1255.00
